{
  "random_forest": {
    "mae": 0.031779403644395375,
    "r2": 0.9993674303280392
  },
  "xgboost": {
    "mae": 0.023010621672550132,
    "r2": 0.9993701911357692
  },
  "neural_network": {
    "mae": 0.0341225496646434,
    "r2": 0.999959119879812
  }
}